_id,작성자,선택 옵션,별점,내용
658b8f2c999301f0be8202a0,pree*******,"옵션명 1:한우1등급,옵션명 2:한우 국거리 400g",4,두 팩중 한 팩이 조금 누름스름한게 있어서 바로 육개장 끓였는데요~ 맛은 좋네요\n그래도 한팩은 색깔도 선명하고 신선해서 만족합니다 
658b8f2c999301f0be8202a1,koll*,"옵션명 1:한우1등급,옵션명 2:한우 꽃등심 300g",5,거의 얼음덩어리 같은 얼음팩이 고기팩 수만큼 짱짱히 넣어져 있는데다 은박포장재에 이중으로 넣어  포장해 주신 덕분에 신선한 고기 배달 잘 받았습니다. 며칠 지나 소고기 구워 먹었었는데 식구들과 엄청 맛있게 잘 먹었어요~~ 좋은 상품 보내주셔서 감사하며 다음에 재주문 하겠습니다 ^^
658b8f2c999301f0be8202a2,얍얍얍얍얍얍얍,"옵션명 1:한우1등급,옵션명 2:한우 안심 300g",5,이전에 주문해서 먹었을때 너무 맛있어서 재주문했어요. 아직 먹기전인데 기대됩니다. 포장도 얼음이 덜 녹을 정도로 보냉팩에 넣고 스티로폼에 넣어와서 아주 마음에 들어요.
658b8f2c999301f0be8202a3,ㅣ깜지콩ㅣ,"옵션명 1:한우1등급,옵션명 2:한우 차돌박이 300g",5,신선하게 빠른 배송\n다음에도 재 구매 할 거 같아요\n고기도 부드럽고 다른데는 막 지방기름부분 많아서 별로였는데 \n요기는 그냥 딱 봐도 좋은 부위입니다
658b8f2c999301f0be8202a4,gida*****,"옵션명 1:한우1등급,옵션명 2:한우 채끝등심 300g",5,포장도 배송도 깔끔하고 빠르게 잘 도착했어요 \n채끝 등심 비계없어서 좋아요 
658b8f2c999301f0be8202a5,ㅣ깜지콩ㅣ,"옵션명 1:한우1등급,옵션명 2:한우 국거리 400g",5,국거리 진짜 양도 많고 가격도 착하고\n무를 이번에 큰걸 사는바람에 ㅠㅠ\n소고기 뭇국이라도 만들어 먹어야야 겠다 싶어\n사야겠거니 했는데\n고기가 진짜 질이 좋아요 
658b8f2c999301f0be8202a6,ㅣ깜지콩ㅣ,"옵션명 1:한우1등급,옵션명 2:한우 샤브샤브 400g",5,엄청 부드럽고 진짜 만족 스러웠어요\n고기가 진짜 질이 좋고\n한우인데 이렇게 저렴하게 구매할수있다니\n정말 만족스럽습니다\n포장도 깔끔하게 왔어요
658b8f2c999301f0be8202a7,sylv****,"옵션명 1:한우1등급,옵션명 2:한우 채끝등심 300g",4,"전에 먹었던 꽃등심보다 기름기도 적고 부드러워서 느끼허지 않게 잘 먹었어요. 다만, 고소한 맛은 별로 없네요. 살치살이 품절이어서 못샀는데, 다음에는 살치살에 도전해보겠습니다~"
658b8f2c999301f0be8202a8,번가대장,"옵션명 1:한우1등급,옵션명 2:한우 살치살 300g",4,등심 저렴하게 구입했습니다. 육질이 좀 질겨요
658b8f2c999301f0be8202a9,번가대장,"옵션명 1:한우1등급,옵션명 2:한우 제비추리 300g",4,살치살 저렴하게 구입했습니다. 마블링이 충분해서 식감 부드럽네요.
658b8f2c999301f0be8202aa,soin,"옵션명 1:한우1등급,옵션명 2:한우 채끝등심 300g",5,넘나 맛있어요 인터넷에서 산 곳에서 최고의 맛 굉장히 부드럽고 풍미 괜찮아요
658b8f2c999301f0be8202ab,shwl***,"옵션명 1:한우1등급,옵션명 2:한우 채끝등심 300g",5,배송빠르고 포장 꼼꼼히해서 오네요\n인터넷으로 주문한 고기중에 젤로\n맛있네요~또 구매의사 있읍니다!!\n맛있네요
658b8f2c999301f0be8202ac,jych******,"옵션명 1:한우1등급,옵션명 2:한우 꽃등심 300g",5,본가로 바로 배송했는데\n가족들이 맛있게 먹어줘서 좋았어요!\n좋은 상품 감사합니다 !
658b8f2c999301f0be8202ad,스카이민,"옵션명 1:한우1등급,옵션명 2:한우 살치살 300g",5,믿고 구매하는~ 고기상태도 좋고 잘먹었습니다
658b8f2d999301f0be8202ae,leey*********,"옵션명 1:한우1등급,옵션명 2:한우 샤브샤브 400g",5,두번째 구입이구요~\n쎄일기간에 엄청 할인받아 맛나게  먹었네요.\n또사려고  보는데 쎄일기간은 끝나군요.
658b8f2d999301f0be8202af,soin,"옵션명 1:한우1등급,옵션명 2:한우 불고기 400g",5,야들야들 육즙 맛있습니다 인터넷에서 산 한우중에 최고예요
658b8f2d999301f0be8202b0,Sweety,"옵션명 1:한우1등급,옵션명 2:한우 국거리 400g",5,국거리 1+로 왔는데 국 끓이니 넘 맛나네요 \n더사야겠어요 ㅎㅎ
658b8f2d999301f0be8202b1,딸1아들1,"옵션명 1:한우1등급,옵션명 2:한우 채끝등심 300g",4,채끝.. 아~주부드러운정도는이니었지만고소하고맛있었어요
658b8f2d999301f0be8202b2,지건,"옵션명 1:한우1등급,옵션명 2:한우 양지 400g",4,고기좋네요~~ 담에또 구매할께요.
658b8f2d999301f0be8202b3,Sweety,"옵션명 1:한우1등급,옵션명 2:한우 차돌박이 300g",4,차돌박이 그럭저럭 괜찮네요 가격도 좋고요 
658b8f2d999301f0be8202b4,chyc**,"옵션명 1:한우1등급,옵션명 2:한우 꽃등심 300g",4,차돌박이 기름이 넘 많은듯 나머지는 다 좋아요
658b8f2d999301f0be8202b5,스카이민,"옵션명 1:한우1등급,옵션명 2:한우 업진살 300g",5,믿고 구매할수 있어서 좋아요\n잘받았습니다
658b8f2d999301f0be8202b6,leey*********,"옵션명 1:한우1등급,옵션명 2:한우 안심 300g",5,고기가 부드럽고 좋네요~\n배송빠르게 도착했구요.\n다시 재구매의사 있습니다.
658b8f2d999301f0be8202b7,외상,"옵션명 1:한우1등급,옵션명 2:한우 차돌박이 300g",5,신선하고 맛있습니다 배송도 빠르고 추천합니다 
658b8f2d999301f0be8202b8,tjsa*****,"옵션명 1:한우1등급,옵션명 2:한우 안심 300g",5,부드럽고 맛있게 잘먹었습니다 ~
658b8f2d999301f0be8202b9,쫑짱2,"옵션명 1:한우1등급,옵션명 2:한우 안심 300g",5,부드럽고 맛나네요~세일할때 잘산듯합니다~^^
658b8f2d999301f0be8202ba,leey*********,"옵션명 1:한우1등급,옵션명 2:한우 불고기 400g",5,두번째 구매로 쎄일기간 좋은제품 엄청 저렴하게  산네요.
658b8f2d999301f0be8202bb,S|59*************,"옵션명 1:한우1등급,옵션명 2:한우 채끝등심 300g",5,딤백하고 부드럽고 맛있어 재구매했네요\n고기좋아요
658b8f2d999301f0be8202bc,S|59*************,"옵션명 1:한우1등급,옵션명 2:한우 안심 300g",5,품질좋아요\n가격도착하고 배송도만족스럽네요
658b8f2d999301f0be8202bd,S|59*************,"옵션명 1:한우1등급,옵션명 2:한우 채끝등심 300g",5,포장꼼꼼하고 배송빠르고 고기품질도좋네요
658b8f2d999301f0be8202be,haec**,"옵션명 1:한우1등급 부위선택,옵션명 2:업진살,옵션명 3:200g",5,신선하고 너무 맛나게 저렴하게 잘 먹었네요
658b8f2d999301f0be8202bf,viol******,"옵션명 1:한우1등급,옵션명 2:한우 업진살 300g",3,고기 마블링도 좋고 질기지 않고 맛있어요
658b8f2e999301f0be8202c0,psy7***,"옵션명 1:한우1등급,옵션명 2:한우 채끝등심 300g",5,고기는 좋아요\n스테이크용 300g 한덩어리로 판매 부탁드립니다 
658b8f2e999301f0be8202c1,ghtm****************,"옵션명 1:한우1등급,옵션명 2:한우 육회 + 소스 400g",5,냉동하고 해동 후 먹어도 좋아요~!! 
658b8f2e999301f0be8202c2,박민,"옵션명 1:한우1등급,옵션명 2:한우 업진살 300g",5,전 소고기부위중 업진살이 좋아요.
658b8f2e999301f0be8202c3,them******,"옵션명 1:한우1등급,옵션명 2:한우 꽃등심 300g",5,선물용 이었는데 포장도 꼼꼼하고 잘 먹었다고 합니다~!
658b8f2e999301f0be8202c4,dlrj****,"옵션명 1:한우1등급,옵션명 2:한우 꽃등심 300g",5,저렴한 가격에 좋은 품질 최고네요.
658b8f2e999301f0be8202c5,얼음천송이,"옵션명 1:한우1등급,옵션명 2:한우 치마살 300g",4,넘나 맛있고 진공포장으로 더 신선해요
658b8f2e999301f0be8202c6,chw0***,"옵션명 1:한우1등급 부위선택,옵션명 2:안창살,옵션명 3:300g",5,리뷰 안쓰는 사람인데 혼자 300g 먹었어요\n괜춘합니다
658b8f2e999301f0be8202c7,S|59*************,"옵션명 1:한우1등급,옵션명 2:한우 살치살 300g",5,착한가격에 품질좋아 만족스러워요
658b8f2e999301f0be8202c8,얼음천송이,"옵션명 1:한우1등급,옵션명 2:한우 치마살 300g",4,너무 맛있고 양도 많고 배송 빠르네요
658b8f2e999301f0be8202c9,chyc**,"옵션명 1:한우1등급,옵션명 2:한우 채끝등심 300g",4,꽃등심은 진짜 부드럽고 맛나요
658b8f2e999301f0be8202ca,박민,"옵션명 1:한우1등급,옵션명 2:한우 안심 300g",5,저렴한가격으로 배불리먹음.
658b8f2e999301f0be8202cb,박민,"옵션명 1:한우1등급,옵션명 2:한우 차돌박이 300g",5,포장이 찢어짐.다른제품은 좋은데
658b8f2e999301f0be8202cc,ckek**,"옵션명 1:한우1등급,옵션명 2:한우 안심 300g",4,부드러워요 다 먹어서 사진이없어요..
658b8f2f999301f0be8202cd,나만의스타일,한우 꽃등심 200g,5,"좋아하는 한우 ~ 꽃등심 부위로 체험단 신청을 했어요. \n1+ 등급의 한우가 짜잔 ! 사진처럼 진공 포장되어 아이스팩과 함께 도착했습니다. \n포장 내에 흡습제가 들어있었고, 핏물이 배거나 새지 않아서 깔끔했어요. \n3월 8일 포장, 포장 다음날 바로 배송되었고 유효기간은 3월 13일까지입니다. \n한눈에 봐도 적당한 마블링, 포장을 벗겨내니 특유의 신선한 선홍빛이 되살아 나더라구요. \n신선한 상태로 배송되었으니, 그대로 저녁 식탁에 올리기로 하고... 스테이크로 구워 먹기로 결정했습니다. \n무염버터와 허브 솔트를 뿌려 동영상처럼 지글지글 구웠습니다. \n냄새는 물론 소리까지 넘 맛있네요^^ \n두께가 너무 두껍지 않아서 굽기도 편했어요. \n꽃등심 부위라서 육질이 부드럽고 고소한 맛이 입안 가득 퍼집니다. \n잡내 따위는 전혀 찾아볼 수 없었어요. \n계속 구매해서 먹고 싶은 품질의 한우, 저를 포함해서 고기 좋아하시는 한우 덕후 분들 모두 만족하실 것 같아요 ~\n추천합니다 !\n\n[신상 리뷰단에 참여하여 와마트몰 로부터 무료로 제공받아 작성한 후기입니다.]"
658b8f30999301f0be8202ce,나세맘현,한우 불고기 400g,5,어설픈 장마로 인해 끕끕함과 후덥지근함이 강하게 느꼈던 이주가 끝나갈때쯤 오늘 날한번 제대로 불태우려나 넘 덥네요ㅠㅠ\n밖은 나가기싫고 방콕하며 지내니 막상 먹을게 없더라구요 근데 며칠전 온 [와마트몰 한우불고기400g]\n제가 집에 있던터라 배송시간문자보고 바로 받은거나 다름없는데 많이 녹아왔더라구요 고기상태도 핏물이 많이 나온터라 냉동보관은 안되니 김치냉장실로 직행해서 보관후 꺼냈거든요~ 진공포장이 되어있어 그나마 다행이지만 확실히 핏물빼는 시간소요가 좀 길었어요.\n고기질은 확실히 좋은게 잡내가 전혀 나지않았고 결도 좋았어요 전 잘게 가위컷팅을 했어요 아이들이 가장 많이 먹기때문에여^^\n그래도 감사한마음으로 저녁을 준비했네요 소스를 만들어 먹지만 오늘은 설때 선물세트안에 있던 청정원 소갈비양념을 쓰기로 했어요 (유통기한이 길어서 다행이죠 )\n불고기양념이 없어서요 ㅎ 색빛이 좀 진할것같아 소량 넣었어요 ~\n어느정도 맛보장이니 크게 어려움이 없어서 맘이 편하네요. 다진마늘과 참기름을 추가했구요 팽이버섯대신 양파와 대파를 썼어요.부드럽게 잘 어우러져 맛이 좋습니다.양도 적당히 좋고 질기지않아서 모두 뚝딱 비웠네요~^^ \n다음날 남은 불고기가 있어 롤유부초밥을 만들었어요\n둘째초등딸과 같이 만드는 재미가 좋네요\n불고기를 넣으니 더 맛나네요ㅋ\n남은 김밥재료도 넣어서 먹었구요 \n맛있게 먹을수있어 행복합니다 감사합니다 \n신상리뷰단에 참여하여 와마트몰로부터 무료로 제공받아 작성한 후기입니다 
658b8f30999301f0be8202cf,마음고요,한우 갈비살 200g,5,"소고기 마트 안가고 편하게 사고 싶다면 여기를 이용해주세요. 우선 포장부터가 진공포장으로 이중 삼중 또 스티로폼 상자안에 얼음팩과 함께 넣어주셔서 너무 깔끔하고 믿음이 갔습니다.\n배송도 이틀만에 빨리 왔구요.\n겉모습부터가 맘에 들더니 포장을 뜯고 고기를 보니 와 색깔도 선명하고 냄새 하나도 안나고 너무너무 신선했습니다. 핏물 잠시 빼고 마침 신랑 생일이라 미역국에 넣을 소고기가 필요했던터라 잘게 잘라서 미역국에 넣어주었어요. 쫄깃하고 야들야들 맛이 너무 좋았고 질긴감도 없었어요.\n원산지도 장수한우축제를 하는 유명한 전북 장수군이었구 도축일도 올 해 2월, 유통기한은 3월이었어요. 냄새 1도 안나고 고소하고 맛있고 식감도 좋고 갈비살 참 맛있게 잘 먹었네요.\n이 후기는 11번가 신상리뷰단에 참여하여 판매자로부터 무료로 제공받아 작성한 후기입니다."
658b8f30999301f0be8202d0,현주니,한우 샤브샤브 400g,5,한우 샤브샤브를 와마트몰로부터 무료로 상품을 제공받아 작성한 후기입니다.\n식사 후 올리느라 후기가 늦었네요~먹자마자 ㅋ후기중\n도축한날 바로 배송시작했네요...\n포장도 잘되어있고~첨엔 어두운색이라 놀랐지만...공기 만나니 ㅎ 마블링 좋고 신선한것으로 배송잘왔습니다~\n비계도 적고 담백해요...한우라니~~~\n양도 생각보다 많아서 아이포함 3인 잘먹었습니다!\n키친타올로 핏기 빼고~\n샤브샤브용이라서 저희는 야채랑 편백찜기가 있어서~코스별로 ㅎ\n먼저 편백기로 쪄먹고 야채랑 샤브샤브에~마지막에 칼국수까지...진짜 한끼 든든히 잘먹었습니다!!!
658b8f30999301f0be8202d1,먹깨빅,한우 다짐육 400g,4,"포장일 ; 23-6-29\n소비기한 ; 23-7-4\n등급 ; 1+\n용도 ; 한우 불고기\n중량 ; 400g\n\n중량이 명확하게 표시되어 있으면..좋았을텐데 너무 아쉬워요. 냉매제로 얼음팩이 3개가 들어있었지만 다 녹아서 왔어요. 얼른 냉장고에 넣고, 수령일 당일에 불고기 해서 아이들과 함께 먹었네요. 언뜻 요리전에 봤을 땐 약간 까매서 신선해보이지 않았는데 산소가 닿고부터는 선홍빛으로 돌아왔어요ㅎㅎ 맛간장과 이것저것 넣고 요리했는데 질기지 않고, 얇아서 맛있었어요. 입에서 살살 녹는 정도는 아니지만, 어린 아이들이 먹기에 질기지 않았어요:-) \n\n신상리뷰단에 참여하여 와마트몰로부터 무료로 제공받아 작성한 후기입니다."
658b8f30999301f0be8202d2,세라 J,한우 국거리 400g,5,"날씨가 꽤 무더졌음에도 아이스팩이 위, 아래로 겹쳐 잘 밀봉되어 도착했어요\n원래 기본적으로 식재료는 국산을 선호해요\n확실히 재료본연의 풍미가 다르거든요\n최대한 신선하게 먹고싶어 소고기미역국으로 바로 조리를 시작했습니다\n불린 미역에 물기를 빼고 달달 볶은 다음 육수를 넣고 끓이고나서 간을 맞춰 주어요\n그 다음은 한우 국거리 투하~\n이미 간을 맞춘 상태로 살짝만 끓이고 불을 끕니다\n냄비에 남아있는 잔열로도 조금더 익게 되니까요\n개인적으로 소고기는 국거리용도 너무 오래 끓이면 질겨 지더라구요\n바로 완성된 국을 시식~\n역시 한우라 담백하면서 육고기의 풍미가 좋습니다\n육질도 부드러운면서 쫄깃하고 딱 좋아하는 맛이에요\n앞으로 여기서는 국거리 외에 다른 구이류도 맛보고 싶네요\n맛있어요!\n와마트몰 판매자로부터 한우국거리 400g을 무상으로 제공받아 작성한 후기입니다"
658b8f30999301f0be8202d3,김효숙,한우 샤브샤브 400g,5,"딸이 다이어트 중인데 다이어트는 평생의 숙제잖아요! 이것저것 해 봤어요… 식단을 줄이고 운동을 열심히 하는 게 당연히 이상적이지만 투잡을 뛰고 있는 딸에게는 사실 어려운 일입니다.\n그러다 딸이 방법을 하나 찾았는데 탄수화물을 줄이고 채소와 고기를 위주로 먹는 식단으로 바꿨어요.\n16:8 간헐적 단식을 하면서 채소와 고기 위주의 식단 으로 바꾸니 살이 정말 빠졌습니다!!\n그런데 사실 채소 보다 고기를 좋아하는 인간으로써 고기보다 채소 많이 먹기는 정말 어려운 숙제였습니다 ㅜㅜ \n딸이 스스로 알아낸 방법은 바로 딸이 좋아하는 샤브샤브였습니다. 고기 국물에 빠뜨려서 익힌 채소는 잘 먹더라구요. 그리고 투잡이다 보니 아무래도 바빠서 식사 준비를 못 하는데, 미리 비닐 봉지나 다회용 지퍼백에 야채 와 고기를 넣고 냉동실에 얼려놨다가 그때 그때 꺼내서 끓여 먹으면 정말 편하고 쉬운 한끼 식사가 되더라구요! \n그러던 중 이 고기를 만났습니다… 일반 샤브샤브용 얼린 고기들은 정말 대패처럼 얇지만 이 고기는 상대적으로 두껍고요! 한우 투쁠이라 그런지 정말 국물도 맛있고 고기도 맛있었습니다!! 양도 넉넉해서 아주 좋았습니다. 기왕 고기 먹는 거 탄소 발자국 덜 남는 한우로, 질 좋은 고기로 먹는 것을 추천 드립니다! \n\n신상리뷰단에 참여하여 판매자로부터 무료로 제공받아 작성한 후기입니다."
658b8f30999301f0be8202d4,라망안나,한우 차돌박이 200g,5,"봄이되니 집나간 입맛♡ 이럴땐 무조건 고기죠♡ \n그중에서도 고소함과 부드러움이 최고인 차돌박이♡ \n그냥 구워먹어도 다른 음식 비빔면이나 볶음밥, 된장찌개에도 넣으면 환상에 궁합을 자랑하는 차돌박이♡ \n저는 무엇보다 꼼꼼하고 위생적인 포장이 좋았고 고기도 녹지도 않고 꽁꽁얼은상태로 배송받았습니다. \n어찌먹으면 더 맛있을까 고민했는데 저는 가장 노멀하게 그냥 구워서 새콤한 부추무침과 한끼 즐겼어요♡ 워낙 신선한 고기이다보니 잡내없이 차돌박이에 고소함과 부추무침에 상큼함이 입안에서 살살 녹았습니다. 1인가구 한끼먹기 딱 좋은양이였어요^^ 역시 한우네요^^  \n특히나 입맛없는 봄철 한우로 집나간 입맛도 찾고 건강도 챙기시길 바랄게요^^\n\n\n☆☆☆신상리뷰단에 참여하여 판매자로부터 무료로 제공받아 아주 솔직하게 작성한 후기입니다☆☆☆"
658b8f31999301f0be8202d5,high****,한우 다짐육 400g,5,"여름에 덥기도 하고 장마 기간도 시작되어 나른 할 때에는 고기가 원기 회복에 도움이 많이 되죠.\n이번에는 소고기, 그것도 한우 1A+ 등급으로 원기 보충을 했습니다.\n\n여름에 신선제품일 경우 걱정되는게 배송이 잘 오는지인데 배송 시작 다음날에 빠르게 도착하였으며 스티로폼 박수 안에 다시 은박 형태의 포장이 있고 그 안에 냉매가 3개나 들어가 있어서 더운 여름날이지만 안전하게 도착하였습니다.  \n 포장/배송은 걱정 안해도 될 것 같습니다.\n\n다짐육을 주문했었고 설도/불고기용이라 밥과 함께 불고기를 해서 먹어보기로 했습니다\n요리할 때 봐도 고기가 매우 부드럽고 기름기가 적으며 양념도 매우 잘 배었습니다.  요즘 집에 야채가 많지 않아서 양파만 추가하여 조리했는데 맛있어 보이는 요리가 나왔습니다.  요리하는 것에 부담이 있으신 분들도 크게 걱정 안하셔도 될 것 같습니다.\n\n아내와 둘이서 완성된 음식을 먹어봤는데 역시나 질긴 부분도 없고 잘 배인 양념과 부드러운 소고기의 식감이 역시 한우는 한우더군요.  비교적 저렴한 고기로 했을 때와 같이 잡내 등이 난다거나 기름기가 많아 느끼한다던가 하는 부분은 전혀 느끼지 못했습니다.\n양도 넉넉해서 둘이 먹고 약간 남아서 내일 오전에 반찬으로 좀 더 먹을 수 있을 것 같네요.  더운 여름날 원기 회복용으로 한우 고기 요리 추천합니다.\n\n신상리뷰단에 참여하여 판매자로부터 무료로 제공받아 작성한 후기입니다."
658b8f31999301f0be8202d6,마오마오미,한우 불고기 400g,5,  이름만 들어도 좋은 한우!!! 진짜 기대 이상으로 좋았어요♡ 역시 한국인에게는 한우가 짱 인것 같습니다!!\n\n●맛● 전 불고기 선택했는데 귀찮아서 양념 없이 그냥 프라이팬에 구워서 먹었거든요. 그런데 한우라서 그런건지 양념 없어도 고기 자체가 너무 맛있어요! 이상한 냄새도 전혀 없고 진짜 질 좋은 한우 그 자체입니다! 짱 맛!! 양념 섞어서 먹으면 더 맛있을것 같아요!\n\n●용량&가격● 이 가격에 이 용량이면 나쁘지 않은 것 같아요! 무엇보다도 한우니까요! 저는 두 번에 나눠서 혼자 넉넉하고 맛있게 잘 먹었어요! 혼자면 3번까지도 나눠서 먹을 수 있을것 같아요~\n\n●배송& 포장● 스트로폼 박스에 담겨 빠르게 무사히 집까지 잘 도착했어요!\n\n\n '신상리뷰단에 참여하여 판매자로부터 무료로 제공받아 작성한 후기입니다.
658b8f31999301f0be8202d7,방우리네:&#41;,한우 등심 300g,5,한우 등심 300g\n\n포장일: 230629\n유효일: 230704\n용도: 구이 찜 국거리 탕용\n\n등급이 투뿔이라 포장 뜯자마자 일단 감동했어요\n인터넷으로 종종 한우 주문해서 먹는데 투뿔이라니..!!\n포장도 맘에 쏙 들었어요\n길게 외출했는데 택배가 왔대서 조마조마했는데\n아이스팩 가득 넣어주셔서 신선하게 받아볼 수 있었어요\n\n등심 - 고기의 결이 곱고 육즙이 풍부한 맛있는 부위\n\n구워서 바로 한점 먹어보니 진짜 육즙이 팡팡 터져요\n질긴부분도 전혀 없었고 고기잡내도 안나서 세식구가 엄청 배부른 한끼 잘 먹었어요 :)\n\n쪼오끔 더 두께가 있었다면 더더욱 좋지 않았을까.. 라고 억지로 아쉬운점 하나를 꼽아봅니다!\n\n\n\n\n- 신상리뷰단에 참여하여 판매자로부터 무료로 제공받아 작성한 후기입니다 -
658b8f31999301f0be8202d8,자연스러움,한우 등심 300g,5,"우선 배송이 엄청 빨랐고 장마철 폭염 날씨에 배송이 됐는데도, 아이스팩도 다 녹지 않았고 신선하게 배송 되었어요. 아이스 박스 안에 은박포장으로 이중 포장하고 아이스팩도3개 넣어주셔서 신선도에 신경을 쓰신게 느껴졌네요.\n제가 체험단에 신청한 상품은 1+ 300g이었는데, 받은 제품의 등급은 1++이였고, 무게를 재보진 않았지만 300보단 많은거 같았어요.\n고기가 잡내없고 신선해서 좋았으나,\n제 기준에는 등심 치고는 너무 질감이 강했던것 같아요. 투플이면 입에서 녹아야 하는데ㅜ 조금 질겼던 경향이 있었네요.\n두께는 얇은 편이였고, 스테이크용 보다는 구이용으로 적합한것 같습니다.\n신상리뷰단에 참여하여 와마트몰로부터 무료로 제공받아 작성한 후기입니다."
658b8f31999301f0be8202d9,coinonia,한우 안심 200g,5,"한우 안심 1+등급!!^^\n스테이크로 구워 먹었어요.\n올리브유에 후추 약간 첨가해서 뚜껑 덮어 최대한 익힌 웰던으로 먹었답니다~\n바싹 구웠는데도 질기거나 퍽퍽하지 않고 \n부드럽게 씹히고 정말 맛있어요~\n한우라 고기 구운 냄새도 덜하고, 기름(비계)이  많지 않아 먹기 좋고, 뒷처리도 깔끔했답니다~ \n또 먹고 싶다~~!!\n포장도 꼼꼼하게 아이스팩으로 신선도 유지하며 배송되었어요~ 고기는 직접 마트에서 보고 구입하는데 판매자분께서 신선한 고기 양심적으로 판매하시는 것 같아 만족했습니다~ 저렴하게 판매할 때 기회 놓치지 않고 또 주문할께요.\n\n신상리뷰단에 참여하여 판매자로부터 무료로 제공받아 작성한 후기입니다."
658b8f31999301f0be8202da,유하v,한우 육회 200g + 소스,5,최애 음식이 육회인지라 자주 먹는 음식중에 하나인데 저렴한 가격으로 간단하게 집에서 육회가 먹고 싶을 땐 쇼핑몰에서 주문하는 편이다. 이번에도 쇼핑몰에서 주문했는데 폼박스로 잘 포장해주어서 상할 염려도 없었고 그런 염려를 하기전에 배송이 빠르게 도착했다. 라벨지에 포장날짜도 기록되있어서 더욱 안심이 되었다. 육회는 진공포장이 되있어서 싱싱함이 유지되었고 양념장도 넣어주셔서 간편하게 양념해 먹을 수 있었다. 참기름 조금 더 넣고 소금 조금 넣어서 간을 맞춰 주었는데 먹기 딱 좋았다. 집밥으로 고추냉이 살짝 얹어서 육회초밥처럼 먹어봤는데 아주 맛있었다. 양이 제법 많았어서 한 젓가락에 듬뿍듬뿍 집어 먹을 수 있어서 좋았다. 다음에는 계란 노른자도 섞어 먹어 봐야겠다.\n\n신상리뷰단에 참여하여 와마트몰에서 무료로 제공받아 작성한 후기입니다.
658b8f32999301f0be8202db,smil*****,한우 차돌박이 200g,5,택배 받아보자마자 포장부터 아이스박스 + 아이스팩 2중 포장에 진공포장까지 되어서 보내주시는 꼼꼼함에 감동!! \n저는 개인적으로 평소에도 고기를 좋아하는 편이라 인터넷에서 종종 시켜먹곤하는데 다른 업체들이랑 비교했을때 우선 포장자체도 꼼꼼한데다 고기도 좋아서 만족스러웠어요. 인터넷에서 잘못 시키면 질기거나 냄새나거나.. 그럴때가 많은데 냄새나지않고 고소해서 너무 맛있더라구요! 차돌박이 특유의 기름지고 고소한 맛이 감동.. 고기가 좋아서 그런건지 한우여서 그런건지 ㅎㅎ 금세 다 먹어버렸을정도에요ㅋ 양은 혼자먹기에 적당한 양이어서 한팩씩 구매해서 먹기 딱 좋아요! \n\n신상리뷰단에 참여하여 판매자로부터 무료로 제공받아 작성한 후기입니다.
658b8f32999301f0be8202dc,봄써니,한우 안심 200g,5,"사실 평소 소든 돼지든 고기를 자주 먹는 편은 아니지만 택배 받자마자 바로 구워먹어 보았습니다. \n작은 손바닥 정도의 사이즈 2장이 들어있고, 포장돼 있는 상태에서는 벽돌처럼 적갈색이었는데 구워보니 예쁜 색이 나오네요. \n적당이 구워 바로 입으로. 부드럽게 녹는 게 역시 한우는 정말 맛있네요. 안심이어도 전혀 질기지 않고 살짝 씹다가 그대로 넘어 갑니다. \n소금에도 찍어 먹어 보고 궁채장아찌와도 같이 먹어 보았는데 본연의 맛을 느끼기엔 소금이 더 낫네요. 물론 육질 자체가 좋으니 그냥도 좋구요. \n한사람이 한끼로 채우기엔 살짝 아쉬운 듯한 양이라 야채나 밥이랑 같이라면 좀 더 푸짐해질거 같아요. 한우 정말 맛있게 잘 먹었습니다.\n(신상리뷰단에 참여하여 판매자로부터 무료로 제공받아 작성한 후기입니다.)"
658b8f32999301f0be8202dd,가을다람쥐,"옵션명 1:한우1+등급,옵션명 2:한우 샤브샤브 400g",5,고기 신선하고 비주얼 좋아요\n핏물 조금 빼고 채소랑 같이 샤브샤브육수에 넣었는데\n진짜 맛있어요\n지방 적어서 되게 담백해요\n앞으로 샤브샤브 고기는 여기서 시켜야겠어요
658b8f32999301f0be8202de,xyyg**,한우 국거리 400g,5,고기는 늘 마트나 재래시장 에서 구매해서 먹었는데 이번에 기회가 되서 와마트몰 에서 먹게되었는데 우선 배송도 빠르고 고기는 처음 배송되는거라 아무래도 신선도가 중요한데 스티로폼 박스안에 은박지 봉투에 이중으로 포장되어서 아이스팩도 두개나 들어있고 고기도 압축포장으로 완벽하게 포장되어서 이제는 걱정없이 주문해서 먹어도 될것 같아요 고기는 한우1+등급 답게 국거리지만 조리했을때 육향도 좋고 씹을수록 고소하고 담백하네요 고기는 잘못 사면 잡내가 나는데 잡내도없고 맛있네요 국을 끊여도 괜찮고 조림을 해먹어도 맛있네요 고기는 마트나 정육점 에서 구매해서 먹었는데 이제는 이곳에서 주문해서 먹어야겠어요 종류도 다양하고 구이용도 종류가 많어서 선택의 폭이 넓은것 같아요 다음엔 구이용으로 재구매할께요 \n신상리뷰단에 참여하여 와마트몰 로부터 무상으로 제공받아 작성한 후기입니다 
658b8f32999301f0be8202df,hell*****,한우 꽃등심 200g,5,"좋은 기회로 한우 꽃등심을 시켜봤는데 역시 품질도 좋고 맛있었어요! 일단 배송도 하루만에 금방 왔고, 포장도 스티로폼 상자에 아이스팩까지 담아서 깔끔하게 왔습니다.\n특히 택배 배송이라 더 신경써주신 부분이 고기 자체가 들어있는 스티로폼 접시 안쪽에서 고기가 흔들리거나 하면 지저분하게 도착했을텐데, 고기 자체를 흡습제랑 같이 비닐파우치에 수축포장을 한 후 그걸 스티로폼 접시에 얹어 랩포장을 해 주셨어요. 그래서 동영상처럼 고기도 깔끔하게 보이게 왔고, 혹여나 생길 수 있는 문제인 핏물이 흘러나오거나 하는 문제가 전혀 없어서 냉장 고기 택배배송에 대한 편견이 깨졌어요. \n신선도 부분은 위와 같은 포장때문에 전혀 문제가 없었습니다. 유통기한은 5일 정도로 일반적인 냉장고기랑 같았어요. \n제일 중요한 맛! 역시 꽃등심이라 살짝 익혀서 먹어보니 부드럽고 딱히 마리네이드를 잘 하지 않아도 잡내없고 맛있었어요. 먹는 김에 짜장라면도 같이해서 먹었는데 정말 호화로운 한끼였습니다. 담에 또 사먹고 싶네요. \n\n*신상리뷰단에 참여하여 판매자로부터 무료로 제공받아 작성한 후기입니다. "
658b8f32999301f0be8202e0,똘순뽀돌,선택하세요:한우 꽃등심 300g,5,배송도 빠르고 저렴하게 한우를 맛있게 먹었어요\n신선하고 부드럽고 맛있어요\n고기에 허브솔트와 후추를 뿌리고 냉장고에 숙성시킨 다음에 후라이팬에 버터를 두르고 구우면 정말 끝내줘요\n재구매 의사 있습니다
658b8f32999301f0be8202e1,앵두맘,"옵션명 1:한우1등급,옵션명 2:한우 샤브샤브 400g",3,샤브할려고 주문했는데 같이 온 안심이랑 똑같이 핏물이 흥건하고 흡수제?까지 온통 빨갛게 물들었는데 이건 신선한 고기맞는건가요?개봉 안하고 딤채 보관중요.오늘 아점으로 샤브해먹었는데 고기가 도톰한게 육전용이네요.샤브용으론 지방도 하나도없고 고기가 질겨요.
658b8f32999301f0be8202e2,앵두맘,"옵션명 1:한우1등급,옵션명 2:한우 안심 300g",3,아직 먹어보기전이구요.고기핏물이 뻘겋게 다 빠져나와서 밑에 흡수제?까지 완전 빨갛게 물들었네요.냉동고기 녹은것도아닐텐데.11번가에서 고기 많이 사봤지만 이런 고기받은적은 첨이라 당황스럽네요.
658b8f33999301f0be8202e3,이름은묻지마세요,선택하세요:한우 육회 + 소스 400g,5,생고기여서 기한이 길지는 않지요~~ 양념이 빨간양넘이에요ㅎ 맛있게 잘 먹었습니다. 
658b8f33999301f0be8202e4,viol******,"옵션명 1:한우1등급,옵션명 2:한우 업진살 300g",4,차돌박이와 업진살 두가지 샀습니다. 차돌은 기름기는 전혀 없어 퍽퍽했지만 업진살은 진짜 맛있게 잘먹었어요. 
658b8f33999301f0be8202e5,sylv****,"옵션명 1:한우1등급,옵션명 2:한우 꽃등심 300g",4,저렴한 가격에 잘 구매했어요~ \n일반 등심인가 싶을 정도로 기름에 많아 좀 느끼하긴 했지만 질기지 않고 먹을만 했어요. 
658b8f33999301f0be8202e6,건강챙기기,"옵션명 1:한우1등급,옵션명 2:한우 불고기 400g",3,불고기했는데 질겨요...두꺼워서 그런거같아요. 고기냄새는 없어요. 불고기감은 좀 얇았으면 좋겠네요..
658b8f33999301f0be8202e7,피러팍,선택하세요:한우 채끝등심 300g,3,마블링이 너무 없는거같은. \n이정도면 채끝맞는지...ㅜㅜ\n두께도 너무 얇아요.\n아이스팩두 많이 녹았구요.\n\n차라리 두꺼운 한덩어리가 나을거같네요ㅡㅜ
658b8f33999301f0be8202e8,rldn***,"옵션명 1:한우1등급,옵션명 2:한우 살치살 300g",5,미？다 사장님 1등급맞나요?\n\n와 1++인데?!?!?!  11번가에서 소고기대박나보긴 처음이네요.  미？다 여기서 사야지 담달 집들이때\n또시킬게요. 진심 마블링보세요 미첫어요 여러분\n사장님 전화로 빨리배송해달라고 귀찮게해서 죄송해요 ㅠㅠㅠ 이렇게 좋은고기라니 영광입니다.
658b8f33999301f0be8202e9,유일49,"옵션명 1:한우1등급,옵션명 2:한우 다짐육 400g",5,"가격의 적절한 책정, 제품의 질 상태, 배송 등 서비스. 제품 구매에 만족합니다. 재구매 의사있습니다."
658b8f33999301f0be8202ea,oyeh****,"옵션명 1:한우1등급,옵션명 2:한우 꽃등심 300g",3,"냉장포장이 잘 되어서 왔어요. 팩도 보관하기 좋고, 캠핑때 들고가기도 좋네요\n\n꽃등심인데 고기가 질겨요. 살짝 스테이크 해먹었는데.. 미디움 정도로 구웠는데 질겨서 좀 애먹었네요"
658b8f33999301f0be8202eb,코코밍밍,한우 갈비살 200g,5,평소 좋아하는 한우 입니다!!^^  한번씩 꼬기가 생각 날때 사먹곤 하는데ㅎ 인터넷으로 구매하니 편리하네요ㅎ 등급도 1+등급입니다ㅎ 포장도  압축포장으로 깔끔하게 아이스팩과 함께 배송 왔습니다ㅎ 잘려있어 따로 손질하지않고 바로 굽기만 하면되니 편리합니다ㅎ 구우니 기름지 많지 않고 갈비살이라 쫄깃하며 부드럽습니다ㅎ 아이도 부드러워 맛있게 잘 씹어 먹습니다ㅎ 다른부위도 좋아하는데 갈비살이 부드럽고 쫄깃해서 자주 사먹습니다ㅎ 다음번에는 다른부위도 주문해서 먹어보려합니다ㅎ 종종 인터넷에서 구매해서 편리하게 먹어야겠습니다!^^ \n이 후기는 신상리뷰체험단에 참여하여 판매자로부터 무료로 제공받아 작성한후기입니다ㅎ
658b8f33999301f0be8202ec,whdm******,한우 육회 200g + 소스,5,집에서 간단하게 육회를 먹을 수 있어서 좋았습니다. 저녁으로 무엇을 먹을지를 고민하는 1인가구입니다. 한 번씩은 저를 위한 선물을 주고 싶지만 고기들은 한 번에 대량으로 팔아서 쟁여놓기가 조금 그렇잖아요. 그런데 이 육회는 딱 1인분 분량으로 오니까 좋았습니다.\n\n 특히 육회 소스까지 동봉되어 있어서 더 좋았어요. 제가 배와 대파랑만 먹어서 그런지 소스는 조금 달았습니다. 레시피에 다진마늘과 함께 먹으면 좋다고 되어 있기는 했지만 마침 딱 마늘이 떨어져서 아쉬움이있네요. 단 맛을 마늘이 잡아줬다면 완벽했을 거 같아요.\n\n포장도 튼튼하고 같이 아이스팩을 동봉해주셔서 상할 걱정없이 먹었습니다.\n\n신상리뷰단에 참여하여 판매자로부터 무료로 제공받아 작성한 후기입니다.
658b8f33999301f0be8202ed,oran*****,"옵션명 1:한우1등급,옵션명 2:한우 채끝등심 300g",5,맛있어요\n가성비정말좋네요\n이런가격으로비싼한우를먹다니\n아주만족합니다
658b8f33999301f0be8202ee,lsdj****,"옵션명 1:한우1등급,옵션명 2:한우 안심 300g",5,채끝등심이랑 같이 시켰는데 숯분에 구우두 맛나네요 
658b8f33999301f0be8202ef,mela**,"옵션명 1:한우1등급,옵션명 2:한우 안심 300g",4,가족들 모두 맛있게 잘 먹을 수 있게 부드럽고 육즙도 많고 좋았습니다.
658b8f34999301f0be8202f0,이름은묻지마세요,선택하세요:한우 꽃등심 300g,5,부드럽고 맛있어요~ 세일해서 한우++1 300g 27900원에 샀어요. 육회랑 같이 해서 잘 먹었습니다^^
658b8f34999301f0be8202f1,망고나무55,"옵션명 1:한우1등급,옵션명 2:한우 안심 300g",3,21일 배송받기로했는데 바로 왔네요ㅠ\n고기 핏물이 너무 빠져있어 냉동고기아닌가 싶고.\n아이스팩 하나 터져서 알갱이들이다 빠져나와 \n화가나네요..읔\n요즘 대부분 친환경 물만 얼린 아이스팩이던데\n아쉽네요
658b8f34999301f0be8202f2,ehfr******,선택하세요:한우 꽃등심 300g,5,고기 질이 좋아요\n진공포장 되어있어서 더 신선한 느낌이에요
658b8f34999301f0be8202f3,ener****,선택하세요:한우 육회 + 소스 400g,5,"약간 기름이 많은 편이지만, 신선하고 맛있네요.\n포장과 배송도 깔끔하고 빨라요."
658b8f34999301f0be8202f4,oran*****,"옵션명 1:한우1등급,옵션명 2:한우 업진살 300g",5,한우신선하고\n안전하게진공포장으로잘도착했습니다\n맛도좋네요\n아주만족합니가
658b8f34999301f0be8202f5,oran*****,"옵션명 1:한우1등급,옵션명 2:한우 살치살 300g",5,살치살\n부드럽고맛도좋아요\n마블링이훌륭합니다\n가성비정말최고입니다
658b8f34999301f0be8202f6,kkan******,선택하세요:한우 살치살 300g,5,"지난번에 채끝과 꽃등심을 구매해서 먹었는데, 기대 이상이었어요. 이번에 살치살을 주문했는데, 이건 더 기대됩니다. 맛 없으면 댓글 수정할께요"
658b8f34999301f0be8202f7,mela**,"옵션명 1:한우1+등급,옵션명 2:한우 안심 300g",5,받자마자 바로 구워서 먹었는데 아주 맛있었어요..씹는 맛도 적당하고 연하고 좋네요.
658b8f34999301f0be8202f8,kkan******,선택하세요:한우 안심 300g,5,어제 주문하고 오늘 받았어요. 배송 엄청 빠릅니다.\n먹어보고 맛 없으면 댓글 수정할께요. 생긴것은 맛있게 생겼고 두께도 딱 좋습니다
658b8f34999301f0be8202f9,ener****,선택하세요:한우 꽃등심 300g,5,고기가 신선하고 맛있네요.\n포장과 배송도 깔끔하고 빨라요.
658b8f34999301f0be8202fa,oran*****,"옵션명 1:한우1등급,옵션명 2:한우 안심 300g",5,인단가성비좋구요\n부드럽고맛도좋네요\n만족합니다\n가격대비훌륭한맛입니다
658b8f34999301f0be8202fb,아들과함께,"옵션명 1:한우1등급,옵션명 2:한우 치마살 300g",5,잘저며져서 먹기좋아요.맛나게 먹었어요  .
658b8f34999301f0be8202fc,블랙홀,"옵션명 1:한우1+등급,옵션명 2:한우 육회 + 소스 400g",5,저렴하게 구매한거같네요 나중에 또 구매할거같네요 
658b8f34999301f0be8202fd,1356**,"옵션명 1:한우1등급,옵션명 2:한우 업진살 300g",5,너무 맛잇.써서 인쟈 사진 찍엇써여~~\n진짜 맛나네요~
658b8f34999301f0be8202fe,mela**,"옵션명 1:한우1등급,옵션명 2:한우 안창살 300g",4,부드럽고 고기 냄새 없고 맛있게 잘 먹었습니다.
658b8f34999301f0be8202ff,곰생이,"옵션명 1:한우1+등급,옵션명 2:한우 꽃등심 300g",3,포장지에 투쁠러스라고 적혀 있는데 그정도는 아닌거 같은데 맞는건지 모르겠네요 지방도 좀 많아 그냥저냥이에요
658b8f34999301f0be820300,ehfr******,선택하세요:한우 채끝등심 300g,5,고기가 마블링도 좋고 맛있습니다.
658b8f34999301f0be820301,Sge,선택하세요:한우 양지 400g,5,소고기 무국에 듬뿍넣어 끓였습니다.고기도 부드럽게 씹히는 질감 좋아요
658b8f35999301f0be820302,blac*****,"옵션명 1:한우1등급,옵션명 2:한우 채끝등심 300g",5,자주 구매하는 제품입니다.\n만족합니다.\n재구매 의사 있습니다 ~
658b8f35999301f0be820303,hyej*****,"옵션명 1:한우1+등급,옵션명 2:한우 살치살 300g",5,와...\n살치 시즈닝하고 튀기듯이 겉면만 구웠더니..\n진짜 맛있었어요\n후딱먹느냐 꽃등심사진뿐인데\n살치살이 좀 더 맛나게먹었습니다
658b8f35999301f0be820304,보라보라율,"옵션명 1:한우1등급,옵션명 2:한우 안심 300g",5,아이스팩 4개나 들어서 신선하게 잘 왔어요!\n아직 먹어보진 않았지만 안심 좋아보여요!
658b8f35999301f0be820305,emin*****,"옵션명 1:한우1등급,옵션명 2:한우 안심 300g",5,배송빠르고 가격도 좋고 맛잇습니다!!
658b8f35999301f0be820306,Bellaa,"옵션명 1:한우1등급,옵션명 2:한우 차돌박이 300g",3,"후기보고 구매했는데,\n차돌이 차돌맛이 안나고\n누린내,질기고.. 다 버렸어요ㅠ\n기분좋게 식사하려다 식사시간 망쳤네요\n속상.."
658b8f35999301f0be820307,gand***,"옵션명 1:한우1등급,옵션명 2:한우 꽃등심 300g",3,"배송빠르게 잘받아서 주말에 가족들과 잘먹었어요., 치맛살이 제일 좋았어요..판매글은 1+인데 받아본 제품은 1등급이네여"
658b8f35999301f0be820308,yhsj****,선택하세요:한우 안심 300g,5,소등분 되어 있어서 너무 좋아요. 한번에 한조각씩 구워서 두부랑 먹으면 한끼식사로 충분합니다
658b8f35999301f0be820309,kkan******,선택하세요:한우 채끝등심 300g,5,어제 주문하고 오늘 받았어요. 배송 엄청 빠릅니다.\n먹어보고 맛 없으면 댓글 수정할께요. 생긴것은 맛있게 생겼고 두께도 딱 좋습니다.
658b8f35999301f0be82030a,rudg*****,"옵션명 1:한우1등급,옵션명 2:한우 안심 300g",4,꼼꼼하게포장해서보내주셨네요\n비싸서자주먹지못한한우를\n올추석에는조금싸게구매해서\n먹게되네요
658b8f35999301f0be82030b,door*****,"옵션명 1:한우1등급,옵션명 2:한우 꽃등심 300g",4,먹기전이긴한데 막좋은지는 모르겠어요 
658b8f35999301f0be82030c,rudg*****,"옵션명 1:한우1등급,옵션명 2:한우 부채살 300g",4,나이가들어치아가약해져서\n부드러운부위가먹기좋더라구요\n두가지구매해서주석에맛있게ㅏ\n먹을려고요
658b8f35999301f0be82030d,alterjung,선택하세요:한우 꽃등심 300g,5,깔끔하게 진공포장되어 왔습니다 솔직히 아직 먹어보진 않았는데 지방과 고기가 적절한것 같네요
658b8f35999301f0be82030e,smk0*****,"옵션명 1:한우1+등급,옵션명 2:한우 살치살 300g",4,아직 시식 전이지만 고기는 좋아 보여요 맛있기를 바래봅니다 
658b8f35999301f0be82030f,sonm***,"옵션명 1:한우1등급,옵션명 2:한우 안심 300g",5,"소고기 구이먹구싶어서 부드러운 안심구매했는데, 부든넙구 맛있습니다."
658b8f35999301f0be820310,kkan******,선택하세요:한우 꽃등심 300g,5,어제 주문하고 오늘 받았어요. 생긴것은 맛있게 생겼어요. 먹어보고 맛 없으면 댓글 수정 할께요!!
658b8f35999301f0be820311,테린이탈출,선택하세요:한우 꽃등심 300g,5,처음주문해봤는데 꽃등심 맛있겠죠?!\n배송빠르네요!
658b8f35999301f0be820312,hyej*****,"옵션명 1:한우1+등급,옵션명 2:한우 꽃등심 300g",5,신선한 고기로 잘 받았습니다.\n하루배송이여서 다행히 제때먹을수있었습니다~
658b8f35999301f0be820313,kkan******,선택하세요:한우 채끝등심 300g,5,"지난번에 먹었는데, 진짜 맛있었어요. 채끝은 진짜 살살 녹습니다. 이번에 할인 행사 중이어서 잽싸게 갔습니다."
658b8f36999301f0be820314,muaj********,선택하세요:한우 채끝등심 300g,5,배송 하루만에 와서 놀랐고 고기 쫄깃하고 맛있네요 
658b8f36999301f0be820315,stay****,선택하세요:한우 꽃등심 300g,4,후기 보고 구매 했는데 맛있게 잘 먹었습니다.
658b8f36999301f0be820316,gand***,"옵션명 1:한우1등급,옵션명 2:한우 채끝등심 300g",3,"배송빠르게 잘받아서 주말에 가족들과 잘먹었어요., 치맛살이 제일 좋았어요..판매는 1+인데 받아본제품은1등급임"
658b8f36999301f0be820317,us12**,"옵션명 1:한우1등급,옵션명 2:한우 치마살 300g",5,배송빠르고 고기도 좋아보이네요
658b8f36999301f0be820318,lsdj****,"옵션명 1:한우1등급,옵션명 2:한우 채끝등심 300g",5,캠핑가서 숯불에 구웠는데 맛나게 잘 먹었어요 
658b8f36999301f0be820319,ojh3***,선택하세요:한우 안창살 300g,5,고기을골라담아서구매하니댓글다는것도일이네요~~고기는참좋아요~~
658b8f36999301f0be82031a,그레전드,"옵션명 1:한우1등급,옵션명 2:한우 꽃등심 300g",3,고기가전체적으로 질겼고 일부는 너무질겨씹다가 도저히 힘들어서 뱄어버렸습니다. 온라인으론 구매하지말아야겠다는교훈만ㅠㅠ
658b8f36999301f0be82031b,chs1***,"옵션명 1:한우1등급,옵션명 2:한우 갈비살 300g",4,여러번 구매해서 먹고 있어요  좋아요 ~
658b8f36999301f0be82031c,arir******,선택하세요:한우 국거리 400g,3,고기에 핏물이 넘 많이 있어서...\n물에 씻어서 핏물을 제거하고 국을 끓였네요.
658b8f36999301f0be82031d,xnat****,선택하세요:한우 차돌박이 300g,3,기름 굉장히 많았음. 차돌박이인걸 감안해도 많은편..
658b8f36999301f0be82031e,스카이민,"옵션명 1:한우1등급,옵션명 2:한우 업진살 300g",5,포장상태도 꼼꼼하고 가격대비 고기상태 좋습니다\n적극 추천합니다
658b8f36999301f0be82031f,best*****,선택하세요:한우 안심 300g,5,아들 자취해서 보냈는데\n정말 맛있다그러네요\n재주문 하려구요\n앞으로 자주애용할것같습니다
658b8f36999301f0be820320,shin*****,"옵션명 1:한우1등급,옵션명 2:한우 업진살 300g",5,고기가 넘 좋아요~^^많이파세요
658b8f36999301f0be820321,call****,선택하세요:한우 꽃등심 300g,5,좋은제품 빠른배송 감사합니다 저렴히 구매해서 너무 좋으네요
658b8f36999301f0be820322,lils*****,"옵션명 1:한우1등급,옵션명 2:한우 업진살 300g",5,맛있었어요 가격도좋고 양은 조금 적었습니다
658b8f36999301f0be820323,ojh3***,선택하세요:한우 살치살 300g,5,고기가넘좋아요~~또구매할꺼요~~
658b8f36999301f0be820324,ojh3***,선택하세요:한우 꽃등심 300g,5,고기에마블링좋아요~~다음에또구매할께요~~
658b8f36999301f0be820325,rdal**,"옵션명 1:한우1등급,옵션명 2:한우 치마살 300g",4,배송빠르내요 포장도잘돼서？내요 좋아요 
658b8f37999301f0be820326,생활비탕진쇼핑몰,"옵션명 1:한우1등급,옵션명 2:한우 차돌박이 300g",2,이고기는 차돌박이가 아닌것 같아요\n두껍게 썰어진데다가 퍽퍽한 식감이라\n먹는데 질기고 목이 막히더라구요 ㅜㅜ\n포장과 배송상태는 정말 좋은데 고기질이\n아쉽네요~~!!
658b8f37999301f0be820327,band*****,"옵션명 1:한우1등급,옵션명 2:한우 꽃등심 300g",3,1등급인데 그렇게 질기진않았는데 업진살은 두꺼워서 질겼어요
658b8f37999301f0be820328,넹넹넹이,선택하세요:한우 국거리 400g,5,국거리로 재구매 해요 너무 밋있어요!!
658b8f37999301f0be820329,ojh3***,선택하세요:한우 치마살 300g,5,고기가참좋아요~~또구매할께요~~
658b8f37999301f0be82032a,생활비탕진쇼핑몰,"옵션명 1:한우1등급,옵션명 2:한우 불고기 400g",2,이런 불고기살은 첨봤어요 ㅠㅠ\n두껍게 썰어？고 중간중간 기름도 좀있어야 되는데 100퍼가 살코기네요  질기고 터벅거리는 식감!!\n도대체 어느부위로 불고기를 하시는지 궁금합니다!!
658b8f37999301f0be82032b,널싸,선택하세요:한우 양지 400g,5,좋은가격에 잘구입했어요.
658b8f37999301f0be82032c,널싸,선택하세요:한우 장조림 400g,5,좋은 가격에 잘 구입했어요.
658b8f37999301f0be82032d,jimi*****,"옵션명 1:한우1등급,옵션명 2:한우 살치살 300g",1,살치살 3팩을 주문했습니다 ... 3팩다 봤을때 고기 모양이 다 틀리고~ 2개를 핏기 제거하고 먹는데... 보이는게 너무 툴려보이고 맛도 너무 틀린데 살치살 맞는건가요? 한팩은 아직 안 먹었는데... 살치살이 맞는건지? 이런 모양은 저도 처음 먹어봐서....전문가님들 맞나요?
658b8f37999301f0be82032e,tjsa*****,"옵션명 1:한우1등급,옵션명 2:한우 업진살 300g",5,저렴하게 잘샀어요 아이도 잘먹어요
658b8f37999301f0be82032f,gand***,"옵션명 1:한우1등급,옵션명 2:한우 치마살 300g",3,"배송빠르게 잘받아서 주말에 가족들과 잘먹었어요., 치맛살이 제일 좋았어요..판매는 1+인데 받아본제품은1등급임"
658b8f37999301f0be820330,jych******,"옵션명 1:한우1등급,옵션명 2:한우 안심 300g",5,본가로 바로 배송했는데\n가족들이 맛있게 먹어줘서 좋았어요!\n좋은 상품 감사합니다 !
658b8f37999301f0be820331,gand***,"옵션명 1:한우1등급,옵션명 2:한우 부채살 300g",3,"배송빠르게 잘받아서 주말에 가족들과 잘먹었어요., 치맛살이 제일 좋았어요..판매는 1+인데 받아본제품은1등급임"
658b8f37999301f0be820332,딸1아들1,"옵션명 1:한우1등급,옵션명 2:한우 채끝등심 300g",4,채끝.. 아~주부드러운정도는이니었지만고소하고맛있었어요
658b8f37999301f0be820333,leei****,"옵션명 1:한우1등급,옵션명 2:한우 안심 300g",5,부드럽고 맛있네요!~^^*
658b8f37999301f0be820334,번가대장,"옵션명 1:한우1등급,옵션명 2:한우 꽃등심 300g",4,저렴하게 구입해서 한끼 했습니다
658b8f37999301f0be820335,yiyo****,"옵션명 1:한우1등급,옵션명 2:한우 국거리 400g",4,잘 받았고요 잘 먹을께요 
658b8f37999301f0be820336,열심히부지런히살자,"옵션명 1:한우1등급,옵션명 2:한우 꽃등심 300g",5,등심 괜찮아요 국거리미역국 했는데
658b8f37999301f0be820337,sama***,"옵션명 1:한우1+등급,옵션명 2:한우 치마살 300g",5,맛있게 잘구워먹었습니다
658b8f38999301f0be820338,hwas*****,선택하세요:한우 채끝등심 300g,5,가성비 매우 좋은 상품입니다 
658b8f38999301f0be820339,leei****,"옵션명 1:한우1등급,옵션명 2:한우 채끝등심 300g",5,부드럽고 맛있네요!~^^*
658b8f38999301f0be82033a,S|16*************,"옵션명 1:한우1등급,옵션명 2:한우 치마살 300g",4,"맛있게 잘 먹었습니다,"
658b8f38999301f0be82033b,S|16*************,"옵션명 1:한우1등급,옵션명 2:한우 갈비살 300g",4,"맛있게 잘 먹었습니다,"
658b8f38999301f0be82033c,S|16*************,"옵션명 1:한우1등급,옵션명 2:한우 꽃등심 300g",4,"맛있게 잘 먹었습니다,"
658b8f38999301f0be82033d,ghtm****************,"옵션명 1:한우1등급,옵션명 2:한우 꽃등심 300g",5,냉동하고 해동 후 먹어도 좋아요~!! 
658b8f38999301f0be82033e,blac*****,"옵션명 1:한우1등급,옵션명 2:한우 부채살 300g",5,자주 구매하는 제품입니다.\n만족합니다.\n재구매 의사 있습니다 ~
658b8f38999301f0be82033f,blac*****,"옵션명 1:한우1등급,옵션명 2:한우 꽃등심 300g",5,자주 구매하는 제품입니다.\n만족합니다.\n재구매 의사 있습니다 ~
658b8f38999301f0be820340,옆집순이,선택하세요:한우 양지 200g,5,상품 배송 가격 모두 좋아요...
658b8f38999301f0be820341,tlwj****,"옵션명 1:한우1등급,옵션명 2:한우 살치살 300g",4,신선하고 맛있습니다\n또 구매몌정입니다
658b8f38999301f0be820342,ojh3***,선택하세요:한우 업진살 300g,5,고기가참좋아요~~또구매할께요~~
658b8f38999301f0be820343,하연꼰쥬,"옵션명 1:한우1등급 부위선택,옵션명 2:다짐육,옵션명 3:400g",2,다짐육 400g 4개 구매했는데\n소분하면서 그람수 재어보니 2팩은 30g씩 부족하네요\n이렇게 보이는 눈속임 하면서 판매하지 마세요
658b8f38999301f0be820344,양파,"옵션명 1:한우1등급 부위선택,옵션명 2:등심,옵션명 3:200g",5,
658b8f38999301f0be820345,양파,"옵션명 1:한우1등급 부위선택,옵션명 2:꽃등심,옵션명 3:200g",5,
658b8f38999301f0be820346,haec**,"옵션명 1:한우1등급 부위선택,옵션명 2:안창살,옵션명 3:200g",5,
658b8f38999301f0be820347,신천지,"옵션명 1:한우1등급 부위선택,옵션명 2:채끝등심,옵션명 3:300g",5,
658b8f38999301f0be820348,syle*****,"옵션명 1:한우1등급,옵션명 2:한우 살치살 300g",5,
658b8f38999301f0be820349,recl******,"옵션명 1:한우1등급,옵션명 2:한우 안심 300g",5,
658b8f38999301f0be82034a,spki*****,"옵션명 1:한우1등급,옵션명 2:한우 채끝등심 300g",5,
658b8f39999301f0be82034b,rheh******,"옵션명 1:한우1등급,옵션명 2:한우 치마살 300g",4,
658b8f39999301f0be82034c,ange******,"옵션명 1:한우1등급,옵션명 2:한우 치마살 300g",1,여기서 치마살 많이 시켜 먹었는데 이번거는 너~무 질기네요 ㅜ 치마살 맞나요? 글고 이번부터 배송비가 붙어서 ㅜ 아쉬웠는데 고기까지 질겨서 애들 구워줬더니 뱉어요 ㅜ 돈 아깝.... 
658b8f39999301f0be82034d,strn**,"옵션명 1:한우1등급,옵션명 2:한우 업진살 300g",5,
658b8f39999301f0be82034e,strn**,"옵션명 1:한우1등급,옵션명 2:한우 채끝등심 300g",5,
658b8f39999301f0be82034f,wpdm*****,"옵션명 1:한우1등급,옵션명 2:한우 갈비살 300g",4,
658b8f39999301f0be820350,wpdm*****,"옵션명 1:한우1등급,옵션명 2:한우 채끝등심 300g",4,
658b8f39999301f0be820351,S|18**************,"옵션명 1:한우1등급,옵션명 2:한우 국거리 400g",5,
658b8f39999301f0be820352,whdf****,"옵션명 1:한우1등급,옵션명 2:한우 차돌박이 300g",4,
658b8f39999301f0be820353,S|18**************,"옵션명 1:한우1등급,옵션명 2:한우 국거리 400g",5,
658b8f39999301f0be820354,yunm*****,"옵션명 1:한우1등급,옵션명 2:한우 불고기 400g",5,불고기해먹었는데괜찮았어요
658b8f39999301f0be820355,govl********,"옵션명 1:한우1등급,옵션명 2:한우 안심 300g",5,
658b8f39999301f0be820356,govl********,"옵션명 1:한우1등급,옵션명 2:한우 채끝등심 300g",4,
658b8f39999301f0be820357,youn******,"옵션명 1:한우1등급,옵션명 2:한우 치마살 300g",5,
658b8f39999301f0be820358,멜롱,선택하세요:한우 안심 300g,5,
658b8f39999301f0be820359,멜롱,선택하세요:한우 꽃등심 300g,5,
658b8f39999301f0be82035a,얼음천송이,"옵션명 1:한우1등급,옵션명 2:한우 치마살 300g",5,너무 맛있고 배송 빠르고 포장 굿
658b8f39999301f0be82035b,youn******,"옵션명 1:한우1등급,옵션명 2:한우 업진살 300g",5,
658b8f39999301f0be82035c,S|02******************,"옵션명 1:한우1등급,옵션명 2:한우 안창살 300g",5,만족합니다 맛 좋습니다
658b8f39999301f0be82035d,S|02******************,"옵션명 1:한우1등급,옵션명 2:한우 꽃등심 300g",5,부드럽습니다 맛있어요
658b8f39999301f0be82035e,핸섬맨맘,"옵션명 1:한우1등급,옵션명 2:한우 안심 300g",5,
658b8f3a999301f0be82035f,ksr9***,"옵션명 1:한우1등급,옵션명 2:한우 갈비살 300g",5,
658b8f3a999301f0be820360,ksr9***,"옵션명 1:한우1등급,옵션명 2:한우 육회 + 소스 400g",5,
658b8f3a999301f0be820361,ksr9***,"옵션명 1:한우1등급,옵션명 2:한우 안심 300g",5,
658b8f3a999301f0be820362,뉴뉴뉴？뉴뉴뉴,"옵션명 1:한우1등급,옵션명 2:한우 치마살 300g",5,맛있을거 같아요~~~
658b8f3a999301f0be820363,박민,"옵션명 1:한우1등급,옵션명 2:한우 꽃등심 300g",5,차돌은 포장이 찢어짐.
658b8f3a999301f0be820364,솟때^^,"옵션명 1:한우1등급,옵션명 2:한우 차돌박이 300g",5,
658b8f3a999301f0be820365,솟때^^,"옵션명 1:한우1등급,옵션명 2:한우 안심 300g",5,
658b8f3a999301f0be820366,kmh8*****,"옵션명 1:한우1등급,옵션명 2:한우 살치살 300g",5,
658b8f3a999301f0be820367,spki*****,"옵션명 1:한우1등급,옵션명 2:한우 국거리 400g",4,
658b8f3a999301f0be820368,핸섬맨맘,"옵션명 1:한우1등급,옵션명 2:한우 채끝등심 300g",4,고기가 부드럽고 맛있습니다
658b8f3a999301f0be820369,jss3**,"옵션명 1:한우1등급,옵션명 2:한우 치마살 300g",1,이건 아니지요.\n후회합니딘.
658b8f3a999301f0be82036a,jss3**,"옵션명 1:한우1등급,옵션명 2:한우 업진살 300g",1,이건 아니예요.\n소고기가 아닌 힘줄이예요.
658b8f3a999301f0be82036b,jss3**,"옵션명 1:한우1등급,옵션명 2:한우 채끝등심 300g",1,이 상품은 11번가 욕 들어먹어요.\n너무 질기고 식감이 아니예요.\n후회합니다.
658b8f3a999301f0be82036c,leed*************,"옵션명 1:한우1등급,옵션명 2:한우 치마살 300g",4,
658b8f3a999301f0be82036d,leed*************,"옵션명 1:한우1등급,옵션명 2:한우 업진살 300g",4,
658b8f3a999301f0be82036e,leed*************,"옵션명 1:한우1등급,옵션명 2:한우 업진살 300g",4,
658b8f3a999301f0be82036f,leed*************,"옵션명 1:한우1등급,옵션명 2:한우 안심 300g",4,
658b8f3a999301f0be820370,S|59*************,"옵션명 1:한우1등급,옵션명 2:한우 안심 300g",5,맛있어서 재구매했네요~!
658b8f3a999301f0be820371,wa19****,"옵션명 1:한우1등급,옵션명 2:한우 갈비살 300g",5,
658b8f3b999301f0be820372,wa19****,"옵션명 1:한우1등급,옵션명 2:한우 꽃등심 300g",5,
658b8f3b999301f0be820373,sarh***,"옵션명 1:한우1등급,옵션명 2:한우 업진살 300g",5,
658b8f3b999301f0be820374,leey*********,"옵션명 1:한우1등급,옵션명 2:한우 불고기 400g",5,
658b8f3b999301f0be820375,leey*********,"옵션명 1:한우1등급,옵션명 2:한우 다짐육 400g",5,
658b8f3b999301f0be820376,아마존못참지,"옵션명 1:한우1+등급,옵션명 2:한우 채끝등심 300g",4,맛있게 잘 먹었습니다 
658b8f3b999301f0be820377,sdm2**,"옵션명 1:한우1등급,옵션명 2:한우 채끝등심 300g",5,
658b8f3b999301f0be820378,ksr9***,"옵션명 1:한우1등급,옵션명 2:한우 꽃등심 300g",5,
658b8f3b999301f0be820379,tjsa*****,"옵션명 1:한우1등급,옵션명 2:한우 안심 300g",5,저렴하게 잘샀어요 ㅎㅎ 
658b8f3b999301f0be82037a,tjsa*****,"옵션명 1:한우1등급,옵션명 2:한우 업진살 300g",5,저렴하게 잘샀어요 ㅎㅎ 맛있어요 
658b8f3b999301f0be82037b,leed*************,"옵션명 1:한우1등급,옵션명 2:한우 꽃등심 300g",4,
658b8f3b999301f0be82037c,dlad*******,"옵션명 1:한우1등급,옵션명 2:한우 갈비살 300g",5,
658b8f3b999301f0be82037d,wv0o***,"옵션명 1:한우1등급,옵션명 2:한우 안심 300g",5,
658b8f3b999301f0be82037e,wv0o***,"옵션명 1:한우1등급,옵션명 2:한우 꽃등심 300g",5,
658b8f3b999301f0be82037f,wv0o***,"옵션명 1:한우1등급,옵션명 2:한우 갈비살 300g",5,
658b8f3b999301f0be820380,soin,"옵션명 1:한우1등급,옵션명 2:한우 치마살 300g",5,
658b8f3b999301f0be820381,das0***,"옵션명 1:한우1등급,옵션명 2:한우 채끝등심 300g",4,
658b8f3b999301f0be820382,chyc**,"옵션명 1:한우1등급,옵션명 2:한우 차돌박이 300g",4,리뷰보고 바로구매했어요
658b8f3b999301f0be820383,leed*************,"옵션명 1:한우1등급,옵션명 2:한우 채끝등심 300g",5,
658b8f3b999301f0be820384,kaya****,"옵션명 1:한우1등급,옵션명 2:한우 꽃등심 300g",5,
658b8f3b999301f0be820385,jsoo****,"옵션명 1:한우1등급,옵션명 2:한우 채끝등심 300g",4,
658b8f3c999301f0be820386,jsoo****,"옵션명 1:한우1등급,옵션명 2:한우 채끝등심 300g",4,
658b8f3c999301f0be820387,sjs2**,"옵션명 1:한우1등급,옵션명 2:한우 불고기 400g",4,좋아요.~.~.~.~.
658b8f3c999301f0be820388,sjs2**,"옵션명 1:한우1등급,옵션명 2:한우 불고기 400g",4,좋아요.~.~.~.~
658b8f3c999301f0be820389,das0***,"옵션명 1:한우1등급,옵션명 2:한우 꽃등심 300g",4,
658b8f3c999301f0be82038a,esyo******,"옵션명 1:한우1등급,옵션명 2:한우 등심 300g",1,한우라고 해서 오랜만?에 근 10년만인가ㅋㅋ\n한우 맞는거죠\n소비자와 판매자가 서로  믿어야겠죠\n믿고 먹어보고 맛 신선도에 대해 후기 리뷰로\n\n\n\n\n이거 한우 맞남 차라리 수입산이낫겠다\n맛 완전 꽝이다 \n꽝 중에 꽝 꽝 꽝~~~
658b8f3c999301f0be82038b,hp99**,"옵션명 1:한우1등급,옵션명 2:한우 채끝등심 300g",1,
658b8f3c999301f0be82038c,haes**,"옵션명 1:한우1등급,옵션명 2:한우 치마살 300g",4,
658b8f3c999301f0be82038d,haes**,"옵션명 1:한우1등급,옵션명 2:한우 부채살 300g",4,
658b8f3c999301f0be82038e,haes**,"옵션명 1:한우1등급,옵션명 2:한우 채끝등심 300g",4,
658b8f3c999301f0be82038f,haes**,"옵션명 1:한우1등급,옵션명 2:한우 업진살 300g",4,
658b8f3c999301f0be820390,S|21**************,"옵션명 1:한우1등급,옵션명 2:한우 갈비살 300g",4,잘받았습니다감사합니다
658b8f3c999301f0be820391,S|21**************,"옵션명 1:한우1등급,옵션명 2:한우 갈비살 300g",4,잘받았습니다감사합니다
658b8f3c999301f0be820392,tow1***,"옵션명 1:한우1등급,옵션명 2:한우 차돌박이 300g",5,
658b8f3d999301f0be820393,eva7**,"옵션명 1:한우1등급,옵션명 2:한우 살치살 300g",5,
658b8f3d999301f0be820394,chos****,"옵션명 1:한우1등급,옵션명 2:한우 꽃등심 300g",5,
658b8f3d999301f0be820395,1356**,"옵션명 1:한우1등급,옵션명 2:한우 업진살 300g",5,정말정말 맛잇써여~~~
658b8f3d999301f0be820396,chon*******,"옵션명 1:한우1등급,옵션명 2:한우 안심 300g",5,
658b8f3d999301f0be820397,vovj**,"옵션명 1:한우1등급,옵션명 2:한우 업진살 300g",5,
658b8f3d999301f0be820398,vovj**,"옵션명 1:한우1등급,옵션명 2:한우 갈비살 300g",5,
658b8f3d999301f0be820399,vovj**,"옵션명 1:한우1등급,옵션명 2:한우 안심 300g",5,
658b8f3d999301f0be82039a,vovj**,"옵션명 1:한우1등급,옵션명 2:한우 채끝등심 300g",5,
658b8f3d999301f0be82039b,moto****,"옵션명 1:한우1등급,옵션명 2:한우 불고기 400g",4,
658b8f3d999301f0be82039c,rdal**,"옵션명 1:한우1등급,옵션명 2:한우 꽃등심 300g",5,관찬아요 배송빠르내요  좋아요
658b8f3d999301f0be82039d,nacj****,"옵션명 1:한우1등급,옵션명 2:한우 살치살 300g",5,
658b8f3d999301f0be82039e,ceep***,"옵션명 1:한우1등급,옵션명 2:한우 채끝등심 300g",5,
658b8f3d999301f0be82039f,sww4***,"옵션명 1:한우1등급,옵션명 2:한우 갈비살 300g",4,
658b8f3d999301f0be8203a0,jsoo****,"옵션명 1:한우1등급,옵션명 2:한우 안심 300g",4,
658b8f3d999301f0be8203a1,pini****,"옵션명 1:한우1등급,옵션명 2:한우 채끝등심 300g",4,
658b8f3d999301f0be8203a2,kook**,"옵션명 1:한우1등급,옵션명 2:한우 살치살 300g",5,
658b8f3d999301f0be8203a3,gomr****,"옵션명 1:한우1등급,옵션명 2:한우 치마살 300g",5,
658b8f3d999301f0be8203a4,yyle***,"옵션명 1:한우1등급,옵션명 2:한우 꽃등심 300g",5,
658b8f3d999301f0be8203a5,sinh***,"옵션명 1:한우1등급,옵션명 2:한우 안창살 300g",4,
658b8f3e999301f0be8203a6,sinh***,"옵션명 1:한우1등급,옵션명 2:한우 살치살 300g",4,
658b8f3e999301f0be8203a7,열심히부지런히살자,"옵션명 1:한우1등급,옵션명 2:한우 국거리 400g",5,
658b8f3e999301f0be8203a8,열심히부지런히살자,"옵션명 1:한우1등급,옵션명 2:한우 불고기 400g",5,
658b8f3e999301f0be8203a9,wkda****,"옵션명 1:한우1등급,옵션명 2:한우 부채살 300g",5,
658b8f3e999301f0be8203aa,wkda****,"옵션명 1:한우1등급,옵션명 2:한우 갈비살 300g",5,
658b8f3e999301f0be8203ab,wkda****,"옵션명 1:한우1등급,옵션명 2:한우 채끝등심 300g",5,
658b8f3e999301f0be8203ac,band*****,"옵션명 1:한우1등급,옵션명 2:한우 치마살 300g",3,
658b8f3e999301f0be8203ad,band*****,"옵션명 1:한우1등급,옵션명 2:한우 살치살 300g",3,
658b8f3e999301f0be8203ae,lils*****,"옵션명 1:한우1등급,옵션명 2:한우 제비추리 300g",5,맛있었습니다 마음에들어요
658b8f3e999301f0be8203af,wkda****,"옵션명 1:한우1등급,옵션명 2:한우 꽃등심 300g",5,
658b8f3e999301f0be8203b0,alla****,"옵션명 1:한우1등급,옵션명 2:한우 육회 + 소스 400g",4,
658b8f3e999301f0be8203b1,alla****,"옵션명 1:한우1등급,옵션명 2:한우 안심 300g",5,
658b8f3e999301f0be8203b2,alla****,"옵션명 1:한우1등급,옵션명 2:한우 등심 300g",5,
658b8f3e999301f0be8203b3,랑랑8484848,"옵션명 1:한우1등급,옵션명 2:한우 다짐육 400g",4,
658b8f3e999301f0be8203b4,별별별81,"옵션명 1:한우1등급,옵션명 2:한우 안심 300g",5,안심 좋아요~~\n담에도 주문 할께요
658b8f3e999301f0be8203b5,ost0***************,"옵션명 1:한우1+등급,옵션명 2:한우 꽃등심 300g",5,
658b8f3e999301f0be8203b6,현백윤,,4,적당히 맛있었습니다
658b8f3e999301f0be8203b7,8807***,선택하세요:한우 꽃등심 300g,5,
658b8f3e999301f0be8203b8,wonv***,"옵션명 1:한우1++등급,옵션명 2:한우 꽃등심 300g",4,좋아요 ㆍ싱싱해요  ㆍ좋아요 
658b8f3f999301f0be8203b9,park******,"옵션명 1:한우1++등급,옵션명 2:한우 꽃등심 300g",5,
658b8f3f999301f0be8203ba,ehfr******,선택하세요:한우 차돌박이 300g,5,두툼하고 맛있습니다.
658b8f3f999301f0be8203bb,popo***,선택하세요:한우 안심 300g,4,
658b8f3f999301f0be8203bc,ello***,선택하세요:한우 꽃등심 300g,5,
658b8f3f999301f0be8203bd,kms7*****,선택하세요:한우 부채살 300g,5,
658b8f3f999301f0be8203be,kms7*****,선택하세요:한우 안심 300g,5,
658b8f3f999301f0be8203bf,wkda****,선택하세요:한우 차돌박이 200g,5,
658b8f3f999301f0be8203c0,jcj3***,선택하세요:한우 차돌박이 300g,5,
658b8f3f999301f0be8203c1,jcj3***,선택하세요:한우 꽃등심 300g,5,
658b8f3f999301f0be8203c2,time****,선택하세요:한우 살치살 200g,5,
658b8f3f999301f0be8203c3,박민,선택하세요:한우 육회 + 소스 400g,3,색깔이 영\n소스부족할듯.
658b8f3f999301f0be8203c4,lsmb****,선택하세요:한우 제비추리 300g,5,
658b8f3f999301f0be8203c5,ojh3***,선택하세요:한우 토시살 300g,5,다음에또구매할께요~~
658b8f3f999301f0be8203c6,ojh3***,선택하세요:한우 채끝등심 300g,5,고기에마블링이좋아요~~
658b8f3f999301f0be8203c7,lion***,선택하세요:한우 육회 + 소스 400g,5,
658b8f3f999301f0be8203c8,ever****,선택하세요:한우 업진살 300g,4,
658b8f3f999301f0be8203c9,ever****,선택하세요:한우 갈비살 300g,4,
658b8f3f999301f0be8203ca,ever****,선택하세요:한우 살치살 300g,4,
658b8f3f999301f0be8203cb,pakh***,선택하세요:한우 육회 200g + 소스,5,
658b8f3f999301f0be8203cc,옆집순이,선택하세요:한우 장조림 200g,5,상품 배송 가격 모두 좋아요...
658b8f40999301f0be8203cd,wkda****,선택하세요:한우 채끝등심 200g,5,
